"","No.","Program","Intervention","Percentage of cases in need covered under optimal package","Total number of cases covered under the optimal package","DALYs averted","Consumable expenditure required","Doctors/Clinical Officers","Nursing staff","Pharmaceutical staff","Laboratory staff","Mental health staff","Nutrition staff","Radiography staff","Village health team","Medicine retailers","Percentage of cases in need covered under optimal package by facility based delivery","Percentage of cases in need covered under optimal package by VHT delivery","prop_dalysaverted","prop_drugbudget_used","prop_doctors_used","prop_nurses_used","prop_pharma_used","prop_lab_used","prop_mental_used","prop_nutrition_used","prop_radiography_used","prop_vhts_used","prop_mr_used"
"136",1,"Eyes/Ear/Skin","Acute otitis media in under 5s","0.00%",0,0,0,0,0,0,0,0,0,0,0,0,"0.00%","0.00%","0.00%","0.00%","0.00%","0.00%","0.00%","0.00%","0.00%","0.00%","0.00%","0.00%","0.00%"
"156",2,"Eyes/Ear/Skin","Aural Toilet 80%","0.00%",0,0,0,0,0,0,0,0,0,0,0,0,"0.00%","0.00%","0.00%","0.00%","0.00%","0.00%","0.00%","0.00%","0.00%","0.00%","0.00%","0.00%","0.00%"
"158",3,"Eyes/Ear/Skin","Passive screening all children and adults (50% coverage)","0.00%",0,0,0,0,0,0,0,0,0,0,0,0,"0.00%","0.00%","0.00%","0.00%","0.00%","0.00%","0.00%","0.00%","0.00%","0.00%","0.00%","0.00%","0.00%"
"137",4,"Eyes/Ear/Skin","Uncorrected refraction error, annual screening for all primary and secondary school children (80%)","100.00%",15363600,20064.8616,0,52.2194879201645,0,0,0,0,0,0,0,0,"100.00%","0.00%","0.01%","0.00%","0.64%","0.00%","0.00%","0.00%","0.00%","0.00%","0.00%","0.00%","0.00%"
"177",5,"HIV & STIs","[HIV testing services] TasP (HIV testing services + Antiretroviral therapy treatment as prevention for all HIV positive adults, children and PMTCT Option B+) 95% coverage CD4 count <350","78.43%",1554172.06459845,45.7211261017056,10972454.776065,0,416.884062761418,20.2554399792875,204.101713827811,0,0,0,139.811547614101,0,"48.43%","30.00%","0.00%","1.96%","0.00%","1.27%","5.56%","5.80%","0.00%","0.00%","0.00%","0.10%","0.00%"
"65",6,"HIV & STIs","ART (first-line treatment) for men","78.43%",454333.038887961,2352414.28798662,82718635.4048186,945.065165776705,2240.54744924299,34.2225334965607,118.910205498821,0,0,0,718.680629036253,0,"48.43%","30.00%","0.85%","14.75%","11.62%","6.80%","9.40%","3.38%","0.00%","0.00%","0.00%","0.51%","0.00%"
"66",7,"HIV & STIs","ART (first-line treatment) for women","78.43%",691753.692424158,6132754.22234086,125944883.105192,1438.92753124496,3411.38952796633,52.1061905785967,181.049069031793,0,0,0,1094.24130807189,0,"48.43%","30.00%","2.22%","22.46%","17.69%","10.35%","14.31%","5.15%","0.00%","0.00%","0.00%","0.77%","0.00%"
"154",8,"HIV & STIs","ART (Second-Line Treatment) for adults with intensive monitoring","0.00%",0,0,0,0,0,0,0,0,0,0,0,0,"0.00%","0.00%","0.00%","0.00%","0.00%","0.00%","0.00%","0.00%","0.00%","0.00%","0.00%","0.00%","0.00%"
"153",9,"HIV & STIs","ART (Second-Line Treatment) for adults without intensive monitoring","0.00%",0,0,0,0,0,0,0,0,0,0,0,0,"0.00%","0.00%","0.00%","0.00%","0.00%","0.00%","0.00%","0.00%","0.00%","0.00%","0.00%","0.00%","0.00%"
"67",10,"HIV & STIs","Cotrimoxazole for children","0.00%",0,0,0,0,0,0,0,0,0,0,0,0,"0.00%","0.00%","0.00%","0.00%","0.00%","0.00%","0.00%","0.00%","0.00%","0.00%","0.00%","0.00%","0.00%"
"69",11,"HIV & STIs","CRAG-LFA screening for cryptococcal meningitis among people living with HIV in Uganda","100.00%",128600.559999959,1067384.64799966,34038436.0347044,70.4826460951786,167.09928441248,0,0,0,0,0,0,0,"100.00%","0.00%","0.39%","6.07%","0.87%","0.51%","0.00%","0.00%","0.00%","0.00%","0.00%","0.00%","0.00%"
"56",12,"HIV & STIs","Female sex workers and clients","100.00%",130359,301.2104708,13796894.12712,0,64.2649864209073,0,17.979090987887,0,0,0,0,0,"100.00%","0.00%","0.00%","2.46%","0.00%","0.20%","0.00%","0.51%","0.00%","0.00%","0.00%","0.00%","0.00%"
"55",13,"HIV & STIs","IDU: needle exchange","0.00%",0,0,0,0,0,0,0,0,0,0,0,0,"0.00%","0.00%","0.00%","0.00%","0.00%","0.00%","0.00%","0.00%","0.00%","0.00%","0.00%","0.00%","0.00%"
"57",14,"HIV & STIs","Interventions focused on male sex workers","100.00%",6517.95000000307,44778.3165000211,689844.706356326,0,3.14339607493716,0,0.879412059190538,0,0,0,0.383204870246916,0,"0.00%","100.00%","0.02%","0.12%","0.00%","0.01%","0.00%","0.02%","0.00%","0.00%","0.00%","0.00%","0.00%"
"58",15,"HIV & STIs","Interventions targeting men who have sex with men","0.00%",0,0,0,0,0,0,0,0,0,0,0,0,"0.00%","0.00%","0.00%","0.00%","0.00%","0.00%","0.00%","0.00%","0.00%","0.00%","0.00%","0.00%","0.00%"
"53",16,"HIV & STIs","Mass media communication to increase demand and improve use of condoms, and condom provision","0.00%",0,0,0,0,0,0,0,0,0,0,0,0,"0.00%","0.00%","0.00%","0.00%","0.00%","0.00%","0.00%","0.00%","0.00%","0.00%","0.00%","0.00%","0.00%"
"68",17,"HIV & STIs","Paediatric ART","100.00%",102296,7701723.63777437,14319042.18176,52.1542288553576,224.775310366526,33.604050877961,56.4345873072633,0,0,0,0,0,"100.00%","0.00%","2.79%","2.55%","0.64%","0.68%","9.23%","1.60%","0.00%","0.00%","0.00%","0.00%","0.00%"
"60",18,"HIV & STIs","Peer education for sex workers","100.00%",136876.950000024,1281684.31944627,0.153849691800027,0,0,0,0,0,0,0,0,0,"100.00%","0.00%","0.46%","0.00%","0.00%","0.00%","0.00%","0.00%","0.00%","0.00%","0.00%","0.00%","0.00%"
"54",19,"HIV & STIs","People Who Inject Drugs community outreach and peer education","100.00%",7356,9.7164668,0,0,0,0,0,0,0,0,2.16237852816835,0,"0.00%","100.00%","0.00%","0.00%","0.00%","0.00%","0.00%","0.00%","0.00%","0.00%","0.00%","0.00%","0.00%"
"166",20,"HIV & STIs","Pre-exposure prophylaxis (PrEP)","0.00%",0,0,0,0,0,0,0,0,0,0,0,0,"0.00%","0.00%","0.00%","0.00%","0.00%","0.00%","0.00%","0.00%","0.00%","0.00%","0.00%","0.00%","0.00%"
"63",21,"HIV & STIs","Pre-exposure prophylaxis for high-risk serodiscordant couples","0.00%",0,0,0,0,0,0,0,0,0,0,0,0,"0.00%","0.00%","0.00%","0.00%","0.00%","0.00%","0.00%","0.00%","0.00%","0.00%","0.00%","0.00%","0.00%"
"64",22,"HIV & STIs","Pre-exposure prophylaxis for pregnant and breastfeeding women","0.00%",0,0,0,0,0,0,0,0,0,0,0,0,"0.00%","0.00%","0.00%","0.00%","0.00%","0.00%","0.00%","0.00%","0.00%","0.00%","0.00%","0.00%","0.00%"
"62",23,"HIV & STIs","Prevention of Mother to Child Transmission of HIV (PMTCT)","0.00%",0,0,0,0,0,0,0,0,0,0,0,0,"0.00%","0.00%","0.00%","0.00%","0.00%","0.00%","0.00%","0.00%","0.00%","0.00%","0.00%","0.00%","0.00%"
"24",24,"HIV & STIs","Treatment of chlamydia","0.00%",0,0,0,0,0,0,0,0,0,0,0,0,"0.00%","0.00%","0.00%","0.00%","0.00%","0.00%","0.00%","0.00%","0.00%","0.00%","0.00%","0.00%","0.00%"
"23",25,"HIV & STIs","Treatment of gonorrhea","0.00%",0,0,0,0,0,0,0,0,0,0,0,0,"0.00%","0.00%","0.00%","0.00%","0.00%","0.00%","0.00%","0.00%","0.00%","0.00%","0.00%","0.00%","0.00%"
"26",26,"HIV & STIs","Treatment of PID (Pelvic Inflammatory Disease)","0.00%",0,0,0,0,0,0,0,0,0,0,0,0,"0.00%","0.00%","0.00%","0.00%","0.00%","0.00%","0.00%","0.00%","0.00%","0.00%","0.00%","0.00%","0.00%"
"25",27,"HIV & STIs","Treatment of trichomoniasis","0.00%",0,0,0,0,0,0,0,0,0,0,0,0,"0.00%","0.00%","0.00%","0.00%","0.00%","0.00%","0.00%","0.00%","0.00%","0.00%","0.00%","0.00%","0.00%"
"61",28,"HIV & STIs","Voluntary medical male circumcision","100.00%",422112,1583.7840884,12659138.88,143.472053977951,193.230828122627,0,52.9251044150032,0,0,0,0,0,"100.00%","0.00%","0.00%","2.26%","1.76%","0.59%","0.00%","1.50%","0.00%","0.00%","0.00%","0.00%","0.00%"
"59",29,"HIV & STIs","Youth focused interventions","100.00%",2682693,58.29491889,17012136.69792,0,0,0,0,0,0,0,0,0,"100.00%","0.00%","0.00%","3.03%","0.00%","0.00%","0.00%","0.00%","0.00%","0.00%","0.00%","0.00%","0.00%"
"133",30,"IMCI","Antibiotics for treatment of dysentery","0.00%",0,0,0,0,0,0,0,0,0,0,0,0,"0.00%","0.00%","0.00%","0.00%","0.00%","0.00%","0.00%","0.00%","0.00%","0.00%","0.00%","0.00%","0.00%"
"131",31,"IMCI","Community based management of Pneumonia","0.00%",0,0,0,0,0,0,0,0,0,0,0,0,"0.00%","0.00%","0.00%","0.00%","0.00%","0.00%","0.00%","0.00%","0.00%","0.00%","0.00%","0.00%","0.00%"
"155",32,"IMCI","Facility based management of Pneumonia","0.00%",0,0,0,0,0,0,0,0,0,0,0,0,"0.00%","0.00%","0.00%","0.00%","0.00%","0.00%","0.00%","0.00%","0.00%","0.00%","0.00%","0.00%","0.00%"
"132",33,"IMCI","Management of diarrhea through Oral Rehydration Solution and Zinc","0.00%",0,0,0,0,0,0,0,0,0,0,0,0,"0.00%","0.00%","0.00%","0.00%","0.00%","0.00%","0.00%","0.00%","0.00%","0.00%","0.00%","0.00%","0.00%"
"134",34,"IMCI","Treatment of severe diarrhea","0.00%",0,0,0,0,0,0,0,0,0,0,0,0,"0.00%","0.00%","0.00%","0.00%","0.00%","0.00%","0.00%","0.00%","0.00%","0.00%","0.00%","0.00%","0.00%"
"47",35,"Malaria","Complicated (children, injectable artesunate)","0.00%",0,0,0,0,0,0,0,0,0,0,0,0,"0.00%","0.00%","0.00%","0.00%","0.00%","0.00%","0.00%","0.00%","0.00%","0.00%","0.00%","0.00%","0.00%"
"46",36,"Malaria","Home management of fevers using antimalarial (artesunate- amodiaquine AAQ) - under 5","100.00%",4475206.97699967,7861345.63325995,11415282.415437,0,0,0,0,0,0,0,12024.0098004655,0,"0.00%","100.00%","2.85%","2.04%","0.00%","0.00%","0.00%","0.00%","0.00%","0.00%","0.00%","8.51%","0.00%"
"42",37,"Malaria","Indoor residual spraying","100.00%",3884919.86709193,2197779.0250181,3380501.87154871,0,0,0,0,0,0,0,0,0,"100.00%","0.00%","0.80%","0.60%","0.00%","0.00%","0.00%","0.00%","0.00%","0.00%","0.00%","0.00%","0.00%"
"39",38,"Malaria","Insecticide treated materials","100.00%",9719893.33439327,2197779.02501718,8849379.68736501,0,0,0,0,0,0,0,2857.27143044844,0,"0.00%","100.00%","0.80%","1.58%","0.00%","0.00%","0.00%","0.00%","0.00%","0.00%","0.00%","2.02%","0.00%"
"41",39,"Malaria","Intermittent presumptive treatment of malaria","0.00%",0,0,0,0,0,0,0,0,0,0,0,0,"0.00%","0.00%","0.00%","0.00%","0.00%","0.00%","0.00%","0.00%","0.00%","0.00%","0.00%","0.00%","0.00%"
"48",40,"Malaria","Intermittent preventive treatment in infants (IPTi) using 3 days of amodiaquine-artesunate (AQ3-AS3) against clinical malaria; at 2, 3, and 9 months.","0.00%",0,0,0,0,0,0,0,0,0,0,0,0,"0.00%","0.00%","0.00%","0.00%","0.00%","0.00%","0.00%","0.00%","0.00%","0.00%","0.00%","0.00%","0.00%"
"40",41,"Malaria","ITN distribution to pregnant women","0.00%",0,0,0,0,0,0,0,0,0,0,0,0,"0.00%","0.00%","0.00%","0.00%","0.00%","0.00%","0.00%","0.00%","0.00%","0.00%","0.00%","0.00%","0.00%"
"43",42,"Malaria","LLIN + IRS","0.00%",0,0,0,0,0,0,0,0,0,0,0,0,"0.00%","0.00%","0.00%","0.00%","0.00%","0.00%","0.00%","0.00%","0.00%","0.00%","0.00%","0.00%","0.00%"
"167",43,"Malaria","Malaria: Management of suspected uncomplicated cases + Management of severe cases (50%)","0.00%",0,0,0,0,0,0,0,0,0,0,0,0,"0.00%","0.00%","0.00%","0.00%","0.00%","0.00%","0.00%","0.00%","0.00%","0.00%","0.00%","0.00%","0.00%"
"192",44,"Malaria","Treatment of malaria (pregnant women)","0.00%",0,0,0,0,0,0,0,0,0,0,0,0,"0.00%","0.00%","0.00%","0.00%","0.00%","0.00%","0.00%","0.00%","0.00%","0.00%","0.00%","0.00%","0.00%"
"45",45,"Malaria","Uncomplicated malaria treatment (<5 years) - low to moderate transmission settings","0.00%",0,0,0,0,0,0,0,0,0,0,0,0,"0.00%","0.00%","0.00%","0.00%","0.00%","0.00%","0.00%","0.00%","0.00%","0.00%","0.00%","0.00%","0.00%"
"44",46,"Malaria","Uncomplicated malaria treatment (<5 years) - moderate to high transmission settings","0.00%",0,0,0,0,0,0,0,0,0,0,0,0,"0.00%","0.00%","0.00%","0.00%","0.00%","0.00%","0.00%","0.00%","0.00%","0.00%","0.00%","0.00%","0.00%"
"118",47,"Mental Health","Basic psychosocial support and anti-psychotic medication","0.00%",0,0,0,0,0,0,0,0,0,0,0,0,"0.00%","0.00%","0.00%","0.00%","0.00%","0.00%","0.00%","0.00%","0.00%","0.00%","0.00%","0.00%","0.00%"
"120",48,"Mental Health","Basic psychosocial support, advice and follow-up + anti-epileptic medication","0.00%",0,0,0,0,0,0,0,0,0,0,0,0,"0.00%","0.00%","0.00%","0.00%","0.00%","0.00%","0.00%","0.00%","0.00%","0.00%","0.00%","0.00%","0.00%"
"171",49,"Mental Health","Basic psychosocial treatment and anti-depressant medication for anxiety disorders (moderate–severe cases)","0.00%",0,0,0,0,0,0,0,0,0,0,0,0,"0.00%","0.00%","0.00%","0.00%","0.00%","0.00%","0.00%","0.00%","0.00%","0.00%","0.00%","0.00%","0.00%"
"121",50,"Mental Health","Basic psychosocial treatment for anxiety disorders (mild cases)","60.82%",426749.129999818,1439751.65801418,2265336.949974,32.9984592567159,78.8927894638238,6.13315136567389,0,576.999999999754,0,0,0,0,"60.82%","0.00%","0.52%","0.40%","0.41%","0.24%","1.68%","0.00%","100.00%","0.00%","0.00%","0.00%","0.00%"
"164",51,"Mental Health","Basic psychosocial treatment for mild depression","100.00%",541476.812380348,2814289.88723902,2872686.10318521,78.4943714665263,141.97381733834,22.6789545039819,0,0,0,0,0,0,"100.00%","0.00%","1.02%","0.51%","0.97%","0.43%","6.23%","0.00%","0.00%","0.00%","0.00%","0.00%","0.00%"
"172",52,"Mental Health","Basic psychosocial treatment, advice and follow-up for bipolar disorder + mood-stabilising medication","0.00%",0,0,0,0,0,0,0,0,0,0,0,0,"0.00%","0.00%","0.00%","0.00%","0.00%","0.00%","0.00%","0.00%","0.00%","0.00%","0.00%","0.00%","0.00%"
"170",53,"Mental Health","Family psychoeducation (ADHD)","0.00%",0,0,0,0,0,0,0,0,0,0,0,0,"0.00%","0.00%","0.00%","0.00%","0.00%","0.00%","0.00%","0.00%","0.00%","0.00%","0.00%","0.00%","0.00%"
"119",54,"Mental Health","Intensive psychosocial intervention for bipolar disorder + mood-stabilising medication","0.00%",0,0,0,0,0,0,0,0,0,0,0,0,"0.00%","0.00%","0.00%","0.00%","0.00%","0.00%","0.00%","0.00%","0.00%","0.00%","0.00%","0.00%","0.00%"
"122",55,"Mental Health","Intensive psychosocial support and anti-psychotic medication","0.00%",0,0,0,0,0,0,0,0,0,0,0,0,"0.00%","0.00%","0.00%","0.00%","0.00%","0.00%","0.00%","0.00%","0.00%","0.00%","0.00%","0.00%","0.00%"
"150",56,"Mental Health","Intensive psychosocial treatment and anti-depressant medication for anxiety disorders (moderate–severe cases)","0.00%",0,0,0,0,0,0,0,0,0,0,0,0,"0.00%","0.00%","0.00%","0.00%","0.00%","0.00%","0.00%","0.00%","0.00%","0.00%","0.00%","0.00%","0.00%"
"165",57,"Mental Health","Intensive psychosocial treatment and anti-depressant medication of recurrent moderate– severe cases on a maintenance basis","0.00%",0,0,0,0,0,0,0,0,0,0,0,0,"0.00%","0.00%","0.00%","0.00%","0.00%","0.00%","0.00%","0.00%","0.00%","0.00%","0.00%","0.00%","0.00%"
"117",58,"Mental Health","Intensive psychosocial treatment and anti-depressant medication of recurrent moderate–severe cases on an episodic basis","0.00%",0,0,0,0,0,0,0,0,0,0,0,0,"0.00%","0.00%","0.00%","0.00%","0.00%","0.00%","0.00%","0.00%","0.00%","0.00%","0.00%","0.00%","0.00%"
"169",59,"Mental Health","Psychosocial care for perinatal depression","0.00%",0,0,0,0,0,0,0,0,0,0,0,0,"0.00%","0.00%","0.00%","0.00%","0.00%","0.00%","0.00%","0.00%","0.00%","0.00%","0.00%","0.00%","0.00%"
"123",60,"Mental Health","Screening and brief intervention for hazardous and harmful alcohol use","0.00%",0,0,0,0,0,0,0,0,0,0,0,0,"0.00%","0.00%","0.00%","0.00%","0.00%","0.00%","0.00%","0.00%","0.00%","0.00%","0.00%","0.00%","0.00%"
"105",61,"NCDs","Acute Stroke: ASA","0.00%",0,0,0,0,0,0,0,0,0,0,0,0,"0.00%","0.00%","0.00%","0.00%","0.00%","0.00%","0.00%","0.00%","0.00%","0.00%","0.00%","0.00%","0.00%"
"108",62,"NCDs","AMI: ASA + streptokinase + ACE- inhibitor + beta-blocker","0.00%",0,0,0,0,0,0,0,0,0,0,0,0,"0.00%","0.00%","0.00%","0.00%","0.00%","0.00%","0.00%","0.00%","0.00%","0.00%","0.00%","0.00%","0.00%"
"83",63,"NCDs","Amputation","100.00%",136.686,2906.0632173913,23187.8710474488,0.529625031599065,0.265685881271189,0.00748351727389955,0,0,0,0,0,0,"100.00%","0.00%","0.00%","0.00%","0.01%","0.00%","0.00%","0.00%","0.00%","0.00%","0.00%","0.00%","0.00%"
"99",64,"NCDs","Anti-hypertension treatment for SBP >160 mmHg","0.00%",0,0,0,0,0,0,0,0,0,0,0,0,"0.00%","0.00%","0.00%","0.00%","0.00%","0.00%","0.00%","0.00%","0.00%","0.00%","0.00%","0.00%","0.00%"
"110",65,"NCDs","ASA+beta blocker+Statin+ACE inhibitor (post acute IHD)","0.00%",0,0,0,0,0,0,0,0,0,0,0,0,"0.00%","0.00%","0.00%","0.00%","0.00%","0.00%","0.00%","0.00%","0.00%","0.00%","0.00%","0.00%","0.00%"
"95",66,"NCDs","Asthma: high-dose inhaled beclometasone + SABA","0.00%",0,0,0,0,0,0,0,0,0,0,0,0,"0.00%","0.00%","0.00%","0.00%","0.00%","0.00%","0.00%","0.00%","0.00%","0.00%","0.00%","0.00%","0.00%"
"93",67,"NCDs","Asthma: inhaled short acting beta-agonist for intermittent asthma","0.00%",0,0,0,0,0,0,0,0,0,0,0,0,"0.00%","0.00%","0.00%","0.00%","0.00%","0.00%","0.00%","0.00%","0.00%","0.00%","0.00%","0.00%","0.00%"
"94",68,"NCDs","Asthma: low-dose inhaled beclometasone + SABA","0.00%",0,0,0,0,0,0,0,0,0,0,0,0,"0.00%","0.00%","0.00%","0.00%","0.00%","0.00%","0.00%","0.00%","0.00%","0.00%","0.00%","0.00%","0.00%"
"97",69,"NCDs","Asthma: oral prednisolone + theophylline + high-dose inhaled beclometasone + SABA","0.00%",0,0,0,0,0,0,0,0,0,0,0,0,"0.00%","0.00%","0.00%","0.00%","0.00%","0.00%","0.00%","0.00%","0.00%","0.00%","0.00%","0.00%","0.00%"
"96",70,"NCDs","Asthma: theophylline + high-dose inhaled beclometasone + SABA","0.00%",0,0,0,0,0,0,0,0,0,0,0,0,"0.00%","0.00%","0.00%","0.00%","0.00%","0.00%","0.00%","0.00%","0.00%","0.00%","0.00%","0.00%","0.00%"
"113",71,"NCDs","Basic palliative care for breast cancer","0.00%",0,0,0,0,0,0,0,0,0,0,0,0,"0.00%","0.00%","0.00%","0.00%","0.00%","0.00%","0.00%","0.00%","0.00%","0.00%","0.00%","0.00%","0.00%"
"186",72,"NCDs","Basic palliative care for cervical cancer","100.00%",3926.04784,21198.9151808564,1103086.06655757,15.1457598350501,34.202720132443,5.67467828658542,0.81221977007522,0,0,1.03587671212094,0,0,"100.00%","0.00%","0.01%","0.20%","0.19%","0.10%","1.56%","0.02%","0.00%","0.00%","0.43%","0.00%","0.00%"
"80",73,"NCDs","Basic palliative care for colorectal cancer","0.00%",0,0,0,0,0,0,0,0,0,0,0,0,"0.00%","0.00%","0.00%","0.00%","0.00%","0.00%","0.00%","0.00%","0.00%","0.00%","0.00%","0.00%","0.00%"
"114",74,"NCDs","Breast cancer treatment, stage 2","0.00%",0,0,0,0,0,0,0,0,0,0,0,0,"0.00%","0.00%","0.00%","0.00%","0.00%","0.00%","0.00%","0.00%","0.00%","0.00%","0.00%","0.00%","0.00%"
"187",75,"NCDs","Breast cancer treatment, stage 3","0.00%",0,0,0,0,0,0,0,0,0,0,0,0,"0.00%","0.00%","0.00%","0.00%","0.00%","0.00%","0.00%","0.00%","0.00%","0.00%","0.00%","0.00%","0.00%"
"188",76,"NCDs","Breast cancer treatment, stage 4","0.00%",0,0,0,0,0,0,0,0,0,0,0,0,"0.00%","0.00%","0.00%","0.00%","0.00%","0.00%","0.00%","0.00%","0.00%","0.00%","0.00%","0.00%","0.00%"
"116",77,"NCDs","Cervical cancer treatment, stage 1","0.00%",0,0,0,0,0,0,0,0,0,0,0,0,"0.00%","0.00%","0.00%","0.00%","0.00%","0.00%","0.00%","0.00%","0.00%","0.00%","0.00%","0.00%","0.00%"
"183",78,"NCDs","Cervical cancer treatment, stage 2","0.00%",0,0,0,0,0,0,0,0,0,0,0,0,"0.00%","0.00%","0.00%","0.00%","0.00%","0.00%","0.00%","0.00%","0.00%","0.00%","0.00%","0.00%","0.00%"
"184",79,"NCDs","Cervical cancer treatment, stage 3","0.00%",0,0,0,0,0,0,0,0,0,0,0,0,"0.00%","0.00%","0.00%","0.00%","0.00%","0.00%","0.00%","0.00%","0.00%","0.00%","0.00%","0.00%","0.00%"
"185",80,"NCDs","Cervical cancer treatment, stage 4","0.00%",0,0,0,0,0,0,0,0,0,0,0,0,"0.00%","0.00%","0.00%","0.00%","0.00%","0.00%","0.00%","0.00%","0.00%","0.00%","0.00%","0.00%","0.00%"
"106",81,"NCDs","Cholesterol lowering treatment for total chol. >6.2 mmol/l","0.00%",0,0,0,0,0,0,0,0,0,0,0,0,"0.00%","0.00%","0.00%","0.00%","0.00%","0.00%","0.00%","0.00%","0.00%","0.00%","0.00%","0.00%","0.00%"
"112",82,"NCDs","Clinical breast exam + treatment, stage 1","0.00%",0,0,0,0,0,0,0,0,0,0,0,0,"0.00%","0.00%","0.00%","0.00%","0.00%","0.00%","0.00%","0.00%","0.00%","0.00%","0.00%","0.00%","0.00%"
"79",83,"NCDs","Colonoscopy + colorectal Ca treatment, stage 1","0.00%",0,0,0,0,0,0,0,0,0,0,0,0,"0.00%","0.00%","0.00%","0.00%","0.00%","0.00%","0.00%","0.00%","0.00%","0.00%","0.00%","0.00%","0.00%"
"189",84,"NCDs","Colorectal cancer treatment, stage 2","0.00%",0,0,0,0,0,0,0,0,0,0,0,0,"0.00%","0.00%","0.00%","0.00%","0.00%","0.00%","0.00%","0.00%","0.00%","0.00%","0.00%","0.00%","0.00%"
"190",85,"NCDs","Colorectal cancer treatment, stage 3","0.00%",0,0,0,0,0,0,0,0,0,0,0,0,"0.00%","0.00%","0.00%","0.00%","0.00%","0.00%","0.00%","0.00%","0.00%","0.00%","0.00%","0.00%","0.00%"
"191",86,"NCDs","Colorectal cancer treatment, stage 4","0.00%",0,0,0,0,0,0,0,0,0,0,0,0,"0.00%","0.00%","0.00%","0.00%","0.00%","0.00%","0.00%","0.00%","0.00%","0.00%","0.00%","0.00%","0.00%"
"107",87,"NCDs","Combination drug treat- ment for absolute risk of CVD >35 %","0.00%",0,0,0,0,0,0,0,0,0,0,0,0,"0.00%","0.00%","0.00%","0.00%","0.00%","0.00%","0.00%","0.00%","0.00%","0.00%","0.00%","0.00%","0.00%"
"100",88,"NCDs","community-based management of hypertension","0.00%",0,0,0,0,0,0,0,0,0,0,0,0,"0.00%","0.00%","0.00%","0.00%","0.00%","0.00%","0.00%","0.00%","0.00%","0.00%","0.00%","0.00%","0.00%"
"90",89,"NCDs","COPD: exacerbation treatment with antibiotics","0.00%",0,0,0,0,0,0,0,0,0,0,0,0,"0.00%","0.00%","0.00%","0.00%","0.00%","0.00%","0.00%","0.00%","0.00%","0.00%","0.00%","0.00%","0.00%"
"92",90,"NCDs","COPD: exacerbation treatment with oral prednisolone","0.00%",0,0,0,0,0,0,0,0,0,0,0,0,"0.00%","0.00%","0.00%","0.00%","0.00%","0.00%","0.00%","0.00%","0.00%","0.00%","0.00%","0.00%","0.00%"
"91",91,"NCDs","COPD: exacerbation treatment with oxygen","0.00%",0,0,0,0,0,0,0,0,0,0,0,0,"0.00%","0.00%","0.00%","0.00%","0.00%","0.00%","0.00%","0.00%","0.00%","0.00%","0.00%","0.00%","0.00%"
"87",92,"NCDs","COPD: inhaled salbutamol","0.00%",0,0,0,0,0,0,0,0,0,0,0,0,"0.00%","0.00%","0.00%","0.00%","0.00%","0.00%","0.00%","0.00%","0.00%","0.00%","0.00%","0.00%","0.00%"
"89",93,"NCDs","COPD: ipratropium inhaler","0.00%",0,0,0,0,0,0,0,0,0,0,0,0,"0.00%","0.00%","0.00%","0.00%","0.00%","0.00%","0.00%","0.00%","0.00%","0.00%","0.00%","0.00%","0.00%"
"88",94,"NCDs","COPD: low-dose oral theophylline","0.00%",0,0,0,0,0,0,0,0,0,0,0,0,"0.00%","0.00%","0.00%","0.00%","0.00%","0.00%","0.00%","0.00%","0.00%","0.00%","0.00%","0.00%","0.00%"
"86",95,"NCDs","COPD: smoking cessation","0.00%",0,0,0,0,0,0,0,0,0,0,0,0,"0.00%","0.00%","0.00%","0.00%","0.00%","0.00%","0.00%","0.00%","0.00%","0.00%","0.00%","0.00%","0.00%"
"85",96,"NCDs","Elective inguinal hernia repair","100.00%",455.62,2790.6725,19813.8020872,1.76541677199688,0.885619604237297,0.0249450575796652,0,0,0,0,0,0,"100.00%","0.00%","0.00%","0.00%","0.02%","0.00%","0.01%","0.00%","0.00%","0.00%","0.00%","0.00%","0.00%"
"84",97,"NCDs","Emergency inguinal hernia repair","55.56%",455.62,16326.3833333333,19813.8020872,1.76541677199688,0.885619604237296,0.0249450575796652,0,0,0,0,0,0,"55.56%","0.00%","0.01%","0.00%","0.02%","0.00%","0.01%","0.00%","0.00%","0.00%","0.00%","0.00%","0.00%"
"78",98,"NCDs","GIT, Intestine cancer","0.00%",0,0,0,0,0,0,0,0,0,0,0,0,"0.00%","0.00%","0.00%","0.00%","0.00%","0.00%","0.00%","0.00%","0.00%","0.00%","0.00%","0.00%","0.00%"
"179",99,"NCDs","HPV DNA test","0.00%",0,0,0,0,0,0,0,0,0,0,0,0,"0.00%","0.00%","0.00%","0.00%","0.00%","0.00%","0.00%","0.00%","0.00%","0.00%","0.00%","0.00%","0.00%"
"98",100,"NCDs","Integrating services for hypertension, DM, and high cholesterol among ART patients","0.00%",0,0,0,0,0,0,0,0,0,0,0,0,"0.00%","0.00%","0.00%","0.00%","0.00%","0.00%","0.00%","0.00%","0.00%","0.00%","0.00%","0.00%","0.00%"
"104",101,"NCDs","Neuropathy screening + preventive foot care (Neuropathy)","0.00%",0,0,0,0,0,0,0,0,0,0,0,0,"0.00%","0.00%","0.00%","0.00%","0.00%","0.00%","0.00%","0.00%","0.00%","0.00%","0.00%","0.00%","0.00%"
"109",102,"NCDs","Offer to help cease tobacco use: brief intervention","0.00%",0,0,0,0,0,0,0,0,0,0,0,0,"0.00%","0.00%","0.00%","0.00%","0.00%","0.00%","0.00%","0.00%","0.00%","0.00%","0.00%","0.00%","0.00%"
"174",103,"NCDs","Papanicolaou test (Pap smear)","0.00%",0,0,0,0,0,0,0,0,0,0,0,0,"0.00%","0.00%","0.00%","0.00%","0.00%","0.00%","0.00%","0.00%","0.00%","0.00%","0.00%","0.00%","0.00%"
"111",104,"NCDs","Post acute stroke (Aspirin + ACE-inhibitor + Statin)","0.00%",0,0,0,0,0,0,0,0,0,0,0,0,"0.00%","0.00%","0.00%","0.00%","0.00%","0.00%","0.00%","0.00%","0.00%","0.00%","0.00%","0.00%","0.00%"
"103",105,"NCDs","Retinopathy screening + photocoagulation (Retinopathy)","0.00%",0,0,0,0,0,0,0,0,0,0,0,0,"0.00%","0.00%","0.00%","0.00%","0.00%","0.00%","0.00%","0.00%","0.00%","0.00%","0.00%","0.00%","0.00%"
"173",106,"NCDs","Screening: Colonoscopy","0.00%",0,0,0,0,0,0,0,0,0,0,0,0,"0.00%","0.00%","0.00%","0.00%","0.00%","0.00%","0.00%","0.00%","0.00%","0.00%","0.00%","0.00%","0.00%"
"115",107,"NCDs","Screening: mammography","0.00%",0,0,0,0,0,0,0,0,0,0,0,0,"0.00%","0.00%","0.00%","0.00%","0.00%","0.00%","0.00%","0.00%","0.00%","0.00%","0.00%","0.00%","0.00%"
"101",108,"NCDs","Standard glycemic control (Standard GC)","0.00%",0,0,0,0,0,0,0,0,0,0,0,0,"0.00%","0.00%","0.00%","0.00%","0.00%","0.00%","0.00%","0.00%","0.00%","0.00%","0.00%","0.00%","0.00%"
"102",109,"NCDs","Standard glycemic control (Standard GC)","0.00%",0,0,0,0,0,0,0,0,0,0,0,0,"0.00%","0.00%","0.00%","0.00%","0.00%","0.00%","0.00%","0.00%","0.00%","0.00%","0.00%","0.00%","0.00%"
"82",110,"NCDs","Treatment of injuries (Fracture and dislocation - fixation)","0.00%",0,0,0,0,0,0,0,0,0,0,0,0,"0.00%","0.00%","0.00%","0.00%","0.00%","0.00%","0.00%","0.00%","0.00%","0.00%","0.00%","0.00%","0.00%"
"81",111,"NCDs","Treatment of injuries (Fracture and dislocation - reduction)","0.00%",0,0,0,0,0,0,0,0,0,0,0,0,"0.00%","0.00%","0.00%","0.00%","0.00%","0.00%","0.00%","0.00%","0.00%","0.00%","0.00%","0.00%","0.00%"
"124",112,"NTDs","Active screening strategy for gambiense human African trypanosomiasis","0.00%",0,0,0,0,0,0,0,0,0,0,0,0,"0.00%","0.00%","0.00%","0.00%","0.00%","0.00%","0.00%","0.00%","0.00%","0.00%","0.00%","0.00%","0.00%"
"125",113,"NTDs","LF mass drug administration","0.00%",0,0,0,0,0,0,0,0,0,0,0,0,"0.00%","0.00%","0.00%","0.00%","0.00%","0.00%","0.00%","0.00%","0.00%","0.00%","0.00%","0.00%","0.00%"
"126",114,"NTDs","Onchocerciasis mass drug administration","0.00%",0,0,0,0,0,0,0,0,0,0,0,0,"0.00%","0.00%","0.00%","0.00%","0.00%","0.00%","0.00%","0.00%","0.00%","0.00%","0.00%","0.00%","0.00%"
"128",115,"NTDs","Schistosomiasis Mass drug administration (adults)","0.00%",0,0,0,0,0,0,0,0,0,0,0,0,"0.00%","0.00%","0.00%","0.00%","0.00%","0.00%","0.00%","0.00%","0.00%","0.00%","0.00%","0.00%","0.00%"
"127",116,"NTDs","STH mass drug administration in school children","0.00%",0,0,0,0,0,0,0,0,0,0,0,0,"0.00%","0.00%","0.00%","0.00%","0.00%","0.00%","0.00%","0.00%","0.00%","0.00%","0.00%","0.00%","0.00%"
"129",117,"NTDs","Trachoma mass drug administration","0.00%",0,0,0,0,0,0,0,0,0,0,0,0,"0.00%","0.00%","0.00%","0.00%","0.00%","0.00%","0.00%","0.00%","0.00%","0.00%","0.00%","0.00%","0.00%"
"130",118,"NTDs","Trachoma Trichiasis cases surgey","100.00%",3935.82999999898,283866.577561926,45742.2162599881,4.81591096947827,3.54798406955643,0.215485505407462,0,0,0,0,0,0,"100.00%","0.00%","0.10%","0.01%","0.06%","0.01%","0.06%","0.00%","0.00%","0.00%","0.00%","0.00%","0.00%"
"151",119,"Nutrition","Balanced energy-protein supplementation to pregnant women with insecure food availability","5.50%",47089.0991999802,12595.8908887867,120679.943429709,0.0044665560703338,0.117536364596553,0.0755447351861338,0,0,0,0,11.0738941838854,0,"0.00%","5.50%","0.00%","0.02%","0.00%","0.00%","0.02%","0.00%","0.00%","0.00%","0.00%","0.01%","0.00%"
"70",120,"Nutrition","Calcium supplementation in pregnant women for the prevention and management of pre-eclampsia/eclampsia","0.00%",0,0,0,0,0,0,0,0,0,0,0,0,"0.00%","0.00%","0.00%","0.00%","0.00%","0.00%","0.00%","0.00%","0.00%","0.00%","0.00%","0.00%","0.00%"
"72",121,"Nutrition","Community-based management of moderate acute malnutrition (children)","0.00%",0,0,0,0,0,0,0,0,0,0,0,0,"0.00%","0.00%","0.00%","0.00%","0.00%","0.00%","0.00%","0.00%","0.00%","0.00%","0.00%","0.00%","0.00%"
"71",122,"Nutrition","Community-based management of severe malnutrition (children)","0.00%",0,0,0,0,0,0,0,0,0,0,0,0,"0.00%","0.00%","0.00%","0.00%","0.00%","0.00%","0.00%","0.00%","0.00%","0.00%","0.00%","0.00%","0.00%"
"74",123,"Nutrition","Deworming (Children)","0.00%",0,0,0,0,0,0,0,0,0,0,0,0,"0.00%","0.00%","0.00%","0.00%","0.00%","0.00%","0.00%","0.00%","0.00%","0.00%","0.00%","0.00%","0.00%"
"157",124,"Nutrition","Home fortification of complementary foods with iron containing multiple micronutrient powders (MNPs)","0.00%",0,0,0,0,0,0,0,0,0,0,0,0,"0.00%","0.00%","0.00%","0.00%","0.00%","0.00%","0.00%","0.00%","0.00%","0.00%","0.00%","0.00%","0.00%"
"152",125,"Nutrition","Intermittent iron-folic acid supplementation (menstruating women where anaemia is a public health problem)","0.00%",0,0,0,0,0,0,0,0,0,0,0,0,"0.00%","0.00%","0.00%","0.00%","0.00%","0.00%","0.00%","0.00%","0.00%","0.00%","0.00%","0.00%","0.00%"
"73",126,"Nutrition","Management of children with severe acute malnutrition","0.00%",0,0,0,0,0,0,0,0,0,0,0,0,"0.00%","0.00%","0.00%","0.00%","0.00%","0.00%","0.00%","0.00%","0.00%","0.00%","0.00%","0.00%","0.00%"
"175",127,"Nutrition","Management of moderate acute malnutrition (children)","23.82%",69967.3800000051,3255806.20029997,22649280.5145617,0,29.5652953477273,0.9576732380045,0,0,28.000000000002,0,0,0,"23.82%","0.00%","1.18%","4.04%","0.00%","0.09%","0.26%","0.00%","0.00%","100.00%","0.00%","0.00%","0.00%"
"76",128,"Nutrition","Promotion of complementary feeding","0.00%",0,0,0,0,0,0,0,0,0,0,0,0,"0.00%","0.00%","0.00%","0.00%","0.00%","0.00%","0.00%","0.00%","0.00%","0.00%","0.00%","0.00%","0.00%"
"75",129,"Nutrition","Vitamin A supplementation (0-4 years)","0.00%",0,0,0,0,0,0,0,0,0,0,0,0,"0.00%","0.00%","0.00%","0.00%","0.00%","0.00%","0.00%","0.00%","0.00%","0.00%","0.00%","0.00%","0.00%"
"77",130,"Nutrition","Zinc supplementation","0.00%",0,0,0,0,0,0,0,0,0,0,0,0,"0.00%","0.00%","0.00%","0.00%","0.00%","0.00%","0.00%","0.00%","0.00%","0.00%","0.00%","0.00%","0.00%"
"15",131,"RMNCH","Antenatal corticosteroid for preterm labor","100.00%",243916.810599945,6506.87485535571,1736714.56671364,0.414525597667503,4.12276266206482,0,0,0,0,0,0,0,"100.00%","0.00%","0.00%","0.31%","0.01%","0.01%","0.00%","0.00%","0.00%","0.00%","0.00%","0.00%","0.00%"
"16",132,"RMNCH","Antibiotics for preterm premature rupture of membranes","0.00%",0,0,0,0,0,0,0,0,0,0,0,0,"0.00%","0.00%","0.00%","0.00%","0.00%","0.00%","0.00%","0.00%","0.00%","0.00%","0.00%","0.00%","0.00%"
"14",133,"RMNCH","Case management of newborn complications at referral level","100.00%",65658.5653799859,1096226.87406948,2086113.34221606,0.669502589571879,11.0978280311037,0,0,0,0,0,0,0,"100.00%","0.00%","0.40%","0.37%","0.01%","0.03%","0.00%","0.00%","0.00%","0.00%","0.00%","0.00%","0.00%"
"19",134,"RMNCH","Case management of severe neonatal infection (sepsis/pneumonia) with full supportive care","0.00%",0,0,0,0,0,0,0,0,0,0,0,0,"0.00%","0.00%","0.00%","0.00%","0.00%","0.00%","0.00%","0.00%","0.00%","0.00%","0.00%","0.00%","0.00%"
"2",135,"RMNCH","Cesearian section with indication","100.00%",13591.1523080054,130969.285877143,543758.868983836,13.8585295198196,15.5062454343104,1.86027872403095,2.81173410323635,0,0,0,0,0,"100.00%","0.00%","0.05%","0.10%","0.17%","0.05%","0.51%","0.08%","0.00%","0.00%","0.00%","0.00%","0.00%"
"1",136,"RMNCH","Cesearian Section with indication (with complication)","11.86%",13591.1523079951,369526.789027071,963528.955936439,13.8585295198092,15.5062454342987,1.86027872402955,2.81173410323423,0,0,0,0,0,"11.86%","0.00%","0.13%","0.17%","0.17%","0.05%","0.51%","0.08%","0.00%","0.00%","0.00%","0.00%","0.00%"
"176",137,"RMNCH","Clean practices and immediate essential new-born care (home)","100.00%",511292.376000029,10578720.2820358,832679.691005952,0,0,0,0,0,0,0,120.240093037373,0,"0.00%","100.00%","3.83%","0.15%","0.00%","0.00%","0.00%","0.00%","0.00%","0.00%","0.00%","0.09%","0.00%"
"21",138,"RMNCH","Community based newborn and child care","100.00%",8952300,3186027.17149883,18434190.226347,0,0,0,0,0,0,0,0,0,"100.00%","0.00%","1.15%","3.29%","0.00%","0.00%","0.00%","0.00%","0.00%","0.00%","0.00%","0.00%","0.00%"
"6",139,"RMNCH","Comprehensive antenatal care","0.00%",0,0,0,0,0,0,0,0,0,0,0,0,"0.00%","0.00%","0.00%","0.00%","0.00%","0.00%","0.00%","0.00%","0.00%","0.00%","0.00%","0.00%","0.00%"
"141",140,"RMNCH","Condom promotion among key populations (Female sex workers)","0.00%",0,0,0,0,0,0,0,0,0,0,0,0,"0.00%","0.00%","0.00%","0.00%","0.00%","0.00%","0.00%","0.00%","0.00%","0.00%","0.00%","0.00%","0.00%"
"142",141,"RMNCH","Condom promotion among key populations (MSM)","0.00%",0,0,0,0,0,0,0,0,0,0,0,0,"0.00%","0.00%","0.00%","0.00%","0.00%","0.00%","0.00%","0.00%","0.00%","0.00%","0.00%","0.00%","0.00%"
"149",142,"RMNCH","Daily iron and folic acid supplementation in pregnant women","0.00%",0,0,0,0,0,0,0,0,0,0,0,0,"0.00%","0.00%","0.00%","0.00%","0.00%","0.00%","0.00%","0.00%","0.00%","0.00%","0.00%","0.00%","0.00%"
"22",143,"RMNCH","Early detection and treatment of postpartum haemorrhage: a cost-effectiveness analysis of the E-MOTIVE trial","0.00%",0,0,0,0,0,0,0,0,0,0,0,0,"0.00%","0.00%","0.00%","0.00%","0.00%","0.00%","0.00%","0.00%","0.00%","0.00%","0.00%","0.00%","0.00%"
"5",144,"RMNCH","Ectopic pregnancy case management","0.00%",0,0,0,0,0,0,0,0,0,0,0,0,"0.00%","0.00%","0.00%","0.00%","0.00%","0.00%","0.00%","0.00%","0.00%","0.00%","0.00%","0.00%","0.00%"
"20",145,"RMNCH","Facility based management of neonatal infection (sepsis/pneumonia) with injectible (and oral) antibiotics","0.00%",0,0,0,0,0,0,0,0,0,0,0,0,"0.00%","0.00%","0.00%","0.00%","0.00%","0.00%","0.00%","0.00%","0.00%","0.00%","0.00%","0.00%","0.00%"
"147",146,"RMNCH","Female sterilization","100.00%",340332,9318290.16,2008094.9328,416.432775822356,306.794885541447,13.9748057639084,0,0,0,0,0,0,"100.00%","0.00%","3.37%","0.36%","5.12%","0.93%","3.84%","0.00%","0.00%","0.00%","0.00%","0.00%","0.00%"
"143",147,"RMNCH","Fistula","100.00%",11344.3999999918,79637.6879999425,658682.183007524,0.694054626370093,2.01334143636429,0,0,0,0,0,0,0,"100.00%","0.00%","0.03%","0.12%","0.01%","0.01%","0.00%","0.00%","0.00%","0.00%","0.00%","0.00%","0.00%"
"194",148,"RMNCH","Full supportive care for premature babies","0.00%",0,0,0,0,0,0,0,0,0,0,0,0,"0.00%","0.00%","0.00%","0.00%","0.00%","0.00%","0.00%","0.00%","0.00%","0.00%","0.00%","0.00%","0.00%"
"193",149,"RMNCH","Home visits for clean postnatal practices","0.00%",0,0,0,0,0,0,0,0,0,0,0,0,"0.00%","0.00%","0.00%","0.00%","0.00%","0.00%","0.00%","0.00%","0.00%","0.00%","0.00%","0.00%","0.00%"
"9",150,"RMNCH","Hypertensive disease case management in pregnancy","0.00%",0,0,0,0,0,0,0,0,0,0,0,0,"0.00%","0.00%","0.00%","0.00%","0.00%","0.00%","0.00%","0.00%","0.00%","0.00%","0.00%","0.00%","0.00%"
"146",151,"RMNCH","Implant","100.00%",113444,3106096.72,299405.650328256,57.8378855308828,76.6987213853618,4.65826858796947,0,0,0,0,0,0,"100.00%","0.00%","1.12%","0.05%","0.71%","0.23%","1.28%","0.00%","0.00%","0.00%","0.00%","0.00%","0.00%"
"17",152,"RMNCH","Induction of labour (beyond 41 weeks)","100.00%",165443.120000123,3845808.73076578,70994.9516544527,67.4791455621397,224.642074475033,4.55162536251189,3.7338360248822,0,0,0,0,0,"100.00%","0.00%","1.39%","0.01%","0.83%","0.68%","1.25%","0.11%","0.00%","0.00%","0.00%","0.00%","0.00%"
"144",153,"RMNCH","Injectable","100.00%",3516764,96288998.32,13229943.2781988,14.2481703075812,382.317879443573,35.860904346385,0,0,0,0,632.680788048953,0,"74.50%","25.50%","34.86%","2.36%","0.18%","1.16%","9.85%","0.00%","0.00%","0.00%","0.00%","0.45%","0.00%"
"145",154,"RMNCH","IUD","100.00%",340332,9318290.16,673421.73504,520.540969777945,690.288492468256,31.443312968794,0,0,0,0,0,0,"100.00%","0.00%","3.37%","0.12%","6.40%","2.09%","8.64%","0.00%","0.00%","0.00%","0.00%","0.00%","0.00%"
"12",155,"RMNCH","Kangaroo Mother Care (KMC)","100.00%",243916.810599945,224898.982666386,0,0,103.069066551621,0,0,0,0,0,0,0,"100.00%","0.00%","0.08%","0.00%","0.00%","0.31%","0.00%","0.00%","0.00%","0.00%","0.00%","0.00%","0.00%"
"148",156,"RMNCH","Male sterilization","100.00%",316584,8668069.92,992286.620525952,387.374545740468,285.387069227265,12.9996588859149,0,0,0,0,0,0,"100.00%","0.00%","3.14%","0.18%","4.76%","0.87%","3.57%","0.00%","0.00%","0.00%","0.00%","0.00%","0.00%"
"10",157,"RMNCH","Management of eclampsia with Magnesium-Sulphate","0.00%",0,0,0,0,0,0,0,0,0,0,0,0,"0.00%","0.00%","0.00%","0.00%","0.00%","0.00%","0.00%","0.00%","0.00%","0.00%","0.00%","0.00%","0.00%"
"18",158,"RMNCH","Management of maternal sepsis","0.00%",0,0,0,0,0,0,0,0,0,0,0,0,"0.00%","0.00%","0.00%","0.00%","0.00%","0.00%","0.00%","0.00%","0.00%","0.00%","0.00%","0.00%","0.00%"
"11",159,"RMNCH","Management of pre-eclampsia (mild and severe)","0.00%",0,0,0,0,0,0,0,0,0,0,0,0,"0.00%","0.00%","0.00%","0.00%","0.00%","0.00%","0.00%","0.00%","0.00%","0.00%","0.00%","0.00%","0.00%"
"160",160,"RMNCH","Multiple micronutrient supplements for pregnant women","0.00%",0,0,0,0,0,0,0,0,0,0,0,0,"0.00%","0.00%","0.00%","0.00%","0.00%","0.00%","0.00%","0.00%","0.00%","0.00%","0.00%","0.00%","0.00%"
"140",161,"RMNCH","Pill","100.00%",2728094.96331739,74695240.0956301,19673929.6374597,10.5564395230575,277.790204597348,53.1385377634541,0,0,0,0,577.406914011265,0,"70.00%","30.00%","27.05%","3.51%","0.13%","0.84%","14.60%","0.00%","0.00%","0.00%","0.00%","0.41%","0.00%"
"4",162,"RMNCH","Post abortion case management","0.00%",0,0,0,0,0,0,0,0,0,0,0,0,"0.00%","0.00%","0.00%","0.00%","0.00%","0.00%","0.00%","0.00%","0.00%","0.00%","0.00%","0.00%","0.00%"
"159",163,"RMNCH","Prenatal distribution of misoprostol (for PPH prevention)","0.00%",0,0,0,0,0,0,0,0,0,0,0,0,"0.00%","0.00%","0.00%","0.00%","0.00%","0.00%","0.00%","0.00%","0.00%","0.00%","0.00%","0.00%","0.00%"
"13",164,"RMNCH","Promotion of breastfeeding","0.00%",0,0,0,0,0,0,0,0,0,0,0,0,"0.00%","0.00%","0.00%","0.00%","0.00%","0.00%","0.00%","0.00%","0.00%","0.00%","0.00%","0.00%","0.00%"
"3",165,"RMNCH","Safe abortion services","0.00%",0,0,0,0,0,0,0,0,0,0,0,0,"0.00%","0.00%","0.00%","0.00%","0.00%","0.00%","0.00%","0.00%","0.00%","0.00%","0.00%","0.00%","0.00%"
"163",166,"RMNCH","Skilled delivery + management of complications","0.00%",0,0,0,0,0,0,0,0,0,0,0,0,"0.00%","0.00%","0.00%","0.00%","0.00%","0.00%","0.00%","0.00%","0.00%","0.00%","0.00%","0.00%","0.00%"
"8",167,"RMNCH","Syphilis detection and treatment in pregnancy","100.00%",2761824,164049.527179592,14503864.5603072,452.4625665385,150.00245950257,0,367.197523216217,0,0,0,146.136433511746,0,"90.00%","10.00%","0.06%","2.59%","5.56%","0.46%","0.00%","10.44%","0.00%","0.00%","0.00%","0.10%","0.00%"
"7",168,"RMNCH","Tetanus toxoid vaccination","0.00%",0,0,0,0,0,0,0,0,0,0,0,0,"0.00%","0.00%","0.00%","0.00%","0.00%","0.00%","0.00%","0.00%","0.00%","0.00%","0.00%","0.00%","0.00%"
"35",169,"RMNCH","Visual inspection with acetic acid (VIA)","100.00%",2115696,8659944.46220004,7540509.79968,575.284759898672,834.404527256379,0,525.23357494362,0,0,0,0,0,"100.00%","0.00%","3.14%","1.34%","7.07%","2.53%","0.00%","14.93%","0.00%","0.00%","0.00%","0.00%","0.00%"
"52",170,"TB","Cotrimoxazole preventive therapy for TB HIV+ patients","0.00%",0,0,0,0,0,0,0,0,0,0,0,0,"0.00%","0.00%","0.00%","0.00%","0.00%","0.00%","0.00%","0.00%","0.00%","0.00%","0.00%","0.00%","0.00%"
"168",171,"TB","Isoniazid preventive therapy (one-month daily)","0.00%",0,0,0,0,0,0,0,0,0,0,0,0,"0.00%","0.00%","0.00%","0.00%","0.00%","0.00%","0.00%","0.00%","0.00%","0.00%","0.00%","0.00%","0.00%"
"51",172,"TB","Isoniazid preventive therapy (three months of weekly)","0.00%",0,0,0,0,0,0,0,0,0,0,0,0,"0.00%","0.00%","0.00%","0.00%","0.00%","0.00%","0.00%","0.00%","0.00%","0.00%","0.00%","0.00%","0.00%"
"49",173,"TB","Isonized Preventive Therapy for children in contact with TB patients","0.00%",0,0,0,0,0,0,0,0,0,0,0,0,"0.00%","0.00%","0.00%","0.00%","0.00%","0.00%","0.00%","0.00%","0.00%","0.00%","0.00%","0.00%","0.00%"
"50",174,"TB","Isonized Preventive Therapy for HIV+ pregnant women","100.00%",168471.264000049,3417776.532769,2726808.4905992,137.428464193477,71.1889265793007,27.6712526732817,0,0,0,0,0,0,"100.00%","0.00%","1.24%","0.49%","1.69%","0.22%","7.60%","0.00%","0.00%","0.00%","0.00%","0.00%","0.00%"
"178",175,"TB","Treatment + detection (smear + Xpert) + drug sensitivity analysis","0.00%",0,0,0,0,0,0,0,0,0,0,0,0,"0.00%","0.00%","0.00%","0.00%","0.00%","0.00%","0.00%","0.00%","0.00%","0.00%","0.00%","0.00%","0.00%"
"180",176,"TB","Treatment + detection (smear + Xpert) + drug sensitivity analysis","0.00%",0,0,0,0,0,0,0,0,0,0,0,0,"0.00%","0.00%","0.00%","0.00%","0.00%","0.00%","0.00%","0.00%","0.00%","0.00%","0.00%","0.00%","0.00%"
"181",177,"TB","Treatment + detection (smear + Xpert) + drug sensitivity analysis","0.00%",0,0,0,0,0,0,0,0,0,0,0,0,"0.00%","0.00%","0.00%","0.00%","0.00%","0.00%","0.00%","0.00%","0.00%","0.00%","0.00%","0.00%","0.00%"
"182",178,"TB","Treatment + detection (smear + Xpert) + drug sensitivity analysis","0.00%",0,0,0,0,0,0,0,0,0,0,0,0,"0.00%","0.00%","0.00%","0.00%","0.00%","0.00%","0.00%","0.00%","0.00%","0.00%","0.00%","0.00%","0.00%"
"32",179,"Vaccine Preventable Diseases","BCG vaccine","0.00%",0,0,0,0,0,0,0,0,0,0,0,0,"0.00%","0.00%","0.00%","0.00%","0.00%","0.00%","0.00%","0.00%","0.00%","0.00%","0.00%","0.00%","0.00%"
"31",180,"Vaccine Preventable Diseases","DPT vaccine","0.00%",0,0,0,0,0,0,0,0,0,0,0,0,"0.00%","0.00%","0.00%","0.00%","0.00%","0.00%","0.00%","0.00%","0.00%","0.00%","0.00%","0.00%","0.00%"
"38",181,"Vaccine Preventable Diseases","H. influenzae b vaccine","0.00%",0,0,0,0,0,0,0,0,0,0,0,0,"0.00%","0.00%","0.00%","0.00%","0.00%","0.00%","0.00%","0.00%","0.00%","0.00%","0.00%","0.00%","0.00%"
"34",182,"Vaccine Preventable Diseases","Hep B birth dose","0.00%",0,0,0,0,0,0,0,0,0,0,0,0,"0.00%","0.00%","0.00%","0.00%","0.00%","0.00%","0.00%","0.00%","0.00%","0.00%","0.00%","0.00%","0.00%"
"36",183,"Vaccine Preventable Diseases","HPV vaccine","0.00%",0,0,0,0,0,0,0,0,0,0,0,0,"0.00%","0.00%","0.00%","0.00%","0.00%","0.00%","0.00%","0.00%","0.00%","0.00%","0.00%","0.00%","0.00%"
"161",184,"Vaccine Preventable Diseases","Malaria vaccination among children/infants","100.00%",1631983.68000016,118873.518145118,24588282.1147225,0,134.128796349301,0,0,0,0,0,15.8314156392695,0,"94.50%","5.50%","0.04%","4.38%","0.00%","0.41%","0.00%","0.00%","0.00%","0.00%","0.00%","0.01%","0.00%"
"37",185,"Vaccine Preventable Diseases","Measles rubella vaccine","0.00%",0,0,0,0,0,0,0,0,0,0,0,0,"0.00%","0.00%","0.00%","0.00%","0.00%","0.00%","0.00%","0.00%","0.00%","0.00%","0.00%","0.00%","0.00%"
"28",186,"Vaccine Preventable Diseases","Measles vaccine","0.00%",0,0,0,0,0,0,0,0,0,0,0,0,"0.00%","0.00%","0.00%","0.00%","0.00%","0.00%","0.00%","0.00%","0.00%","0.00%","0.00%","0.00%","0.00%"
"162",187,"Vaccine Preventable Diseases","Oral cholera vaccine shanchol","0.00%",0,0,0,0,0,0,0,0,0,0,0,0,"0.00%","0.00%","0.00%","0.00%","0.00%","0.00%","0.00%","0.00%","0.00%","0.00%","0.00%","0.00%","0.00%"
"29",188,"Vaccine Preventable Diseases","Pentavalent vaccine (DPT + Hep B + Hib)","0.00%",0,0,0,0,0,0,0,0,0,0,0,0,"0.00%","0.00%","0.00%","0.00%","0.00%","0.00%","0.00%","0.00%","0.00%","0.00%","0.00%","0.00%","0.00%"
"33",189,"Vaccine Preventable Diseases","Pneumococcal vaccine","0.00%",0,0,0,0,0,0,0,0,0,0,0,0,"0.00%","0.00%","0.00%","0.00%","0.00%","0.00%","0.00%","0.00%","0.00%","0.00%","0.00%","0.00%","0.00%"
"30",190,"Vaccine Preventable Diseases","Polio vaccine","0.00%",0,0,0,0,0,0,0,0,0,0,0,0,"0.00%","0.00%","0.00%","0.00%","0.00%","0.00%","0.00%","0.00%","0.00%","0.00%","0.00%","0.00%","0.00%"
"27",191,"Vaccine Preventable Diseases","Rotavirus vaccine","0.00%",0,0,0,0,0,0,0,0,0,0,0,0,"0.00%","0.00%","0.00%","0.00%","0.00%","0.00%","0.00%","0.00%","0.00%","0.00%","0.00%","0.00%","0.00%"
"139",192,"Vaccine Preventable Diseases","Yellow Fever Vaccination","0.00%",0,0,0,0,0,0,0,0,0,0,0,0,"0.00%","0.00%","0.00%","0.00%","0.00%","0.00%","0.00%","0.00%","0.00%","0.00%","0.00%","0.00%","0.00%"
"138",193,"WASH","Community nutrition programmes for growth promotion","0.00%",0,0,0,0,0,0,0,0,0,0,0,0,"0.00%","0.00%","0.00%","0.00%","0.00%","0.00%","0.00%","0.00%","0.00%","0.00%","0.00%","0.00%","0.00%"
"135",194,"WASH","Hand washing with Soap","100.00%",6682426.66739957,4203500.83124703,0,0,0,0,0,0,0,0,785.749643373814,0,"0.00%","100.00%","1.52%","0.00%","0.00%","0.00%","0.00%","0.00%","0.00%","0.00%","0.00%","0.56%","0.00%"
